Record Index,Date,Time,Cnts 1,Cnts 2,Cnts 3,Cnts 4,Cnts 5,Cnts 6,Cnts 7,Cnts 8,Cnts 9,Total Cnts,PPB 1,PPB 2,PPB 3,PPB 4,PPB 5,PPB 6,PPB 7,PPB 8,PPB 9,Total PPB,Flow Rate,Cell Condition,Laser Condition,Index
07298,08/01/2021,12:15,48,15,7,2,0,0,0,0,0,71,72.99,177.21,8.01,12.30,15.15,60.01,0.97,100.75,0.02,447.41,75,97,100,00002
07299,08/01/2021,12:30,46,14,6,3,0,0,0,0,0,69,73.00,192.21,8.01,12.45,15.15,60.01,0.97,100.75,0.02,462.57,75,97,100,00003
07300,08/01/2021,12:45,46,16,7,2,0,0,0,0,0,70,73.01,207.21,8.01,13.00,15.15,60.01,0.97,100.75,0.02,478.13,75,97,100,00004
07301,08/01/2021,13:00,49,15,6,2,0,0,0,0,0,71,73.02,222.21,8.01,13.15,15.15,60.01,0.97,100.75,0.02,493.29,75,97,100,00005
07302,08/01/2021,13:15,52,16,6,2,0,0,0,0,0,75,73.03,237.21,8.01,13.30,15.15,60.01,0.97,100.75,0.02,508.45,75,97,100,00006
07303,08/01/2021,13:30,52,15,6,2,0,0,0,0,0,74,73.04,252.21,8.01,13.45,15.15,60.01,0.97,100.75,0.02,523.61,75,97,100,00007
07304,08/01/2021,13:45,50,15,7,2,0,0,0,0,0,74,73.05,267.21,8.01,14.00,15.15,60.01,0.97,100.75,0.02,539.17,75,97,100,00008
07305,08/01/2021,14:00,49,15,7,2,0,0,0,0,0,72,73.06,282.21,8.01,14.15,15.15,60.01,0.97,100.75,0.02,554.33,75,97,100,00009
07306,08/01/2021,14:15,49,17,7,2,0,0,0,0,0,75,73.07,297.21,8.01,14.30,15.15,60.01,0.97,100.75,0.02,569.49,75,97,100,00010
07307,08/01/2021,14:30,52,16,8,1,0,0,0,0,0,77,73.08,312.21,8.01,14.45,15.15,60.01,0.97,100.75,0.02,584.65,75,97,100,00011
07308,08/01/2021,14:45,51,18,8,2,0,0,0,0,0,78,73.09,327.21,8.01,15.00,15.15,60.01,0.97,100.75,0.02,600.21,75,97,100,00012
07309,08/01/2021,15:00,52,14,6,2,0,0,0,0,0,75,73.10,342.21,8.01,15.15,15.15,60.01,0.97,100.75,0.02,615.37,75,97,100,00013
07310,08/01/2021,15:15,50,17,8,2,0,0,0,0,0,76,73.11,357.21,8.01,15.30,15.15,60.01,0.97,100.75,0.02,630.53,75,97,100,00014
07311,08/01/2021,15:30,51,15,6,1,0,0,0,0,0,73,73.12,372.21,8.01,15.45,15.15,60.01,0.97,100.75,0.02,645.69,75,97,100,00015
07312,08/01/2021,15:45,56,17,5,2,0,0,0,0,0,79,73.13,387.21,8.01,16.00,15.15,60.01,0.97,100.75,0.02,661.25,75,97,100,00016
07313,08/01/2021,16:00,56,14,6,2,0,0,0,0,0,79,73.14,402.21,8.01,16.15,15.15,60.01,0.97,100.75,0.02,676.41,75,97,100,00017
07314,08/01/2021,16:15,49,15,6,2,0,0,0,0,0,72,73.15,417.21,8.01,16.30,15.15,60.01,0.97,100.75,0.02,691.57,75,97,100,00018
07315,08/01/2021,16:30,52,16,6,2,0,0,0,0,0,76,73.16,432.21,8.01,16.45,15.15,60.01,0.97,100.75,0.02,706.73,75,97,100,00019
07316,08/01/2021,16:45,54,16,6,2,0,0,0,0,0,78,73.17,447.21,8.01,17.00,15.15,60.01,0.97,100.75,0.02,722.29,75,97,100,00020
07317,08/01/2021,17:00,55,15,6,3,0,0,0,0,0,79,73.18,462.21,8.01,17.15,15.15,60.01,0.97,100.75,0.02,737.45,75,97,100,00021
07318,08/01/2021,17:15,56,15,7,1,0,0,0,0,0,78,73.19,477.21,8.01,17.30,15.15,60.01,0.97,100.75,0.02,752.61,75,97,100,00022
07319,08/01/2021,17:30,55,15,6,2,0,0,0,0,0,78,73.20,492.21,8.01,17.45,15.15,60.01,0.97,100.75,0.02,767.77,75,97,100,00023
07320,08/01/2021,17:45,55,14,5,2,0,0,0,0,0,76,73.21,507.21,8.01,18.00,15.15,60.01,0.97,100.75,0.02,783.33,75,97,100,00024
07321,08/01/2021,18:00,57,15,6,2,0,0,0,0,0,80,73.22,522.21,8.01,18.15,15.15,60.01,0.97,100.75,0.02,798.49,75,97,100,00025
07322,08/01/2021,18:15,55,17,7,2,0,0,0,0,0,81,73.23,537.21,8.01,18.30,15.15,60.01,0.97,100.75,0.02,813.65,75,97,100,00026
07323,08/01/2021,18:30,56,16,6,1,0,0,0,0,0,79,73.24,552.21,8.01,18.45,15.15,60.01,0.97,100.75,0.02,828.81,75,97,100,00027
07324,08/01/2021,18:45,55,15,7,2,0,0,0,0,0,80,73.25,567.21,8.01,19.00,15.15,60.01,0.97,100.75,0.02,844.37,75,97,100,00028
07325,08/01/2021,19:00,56,15,7,2,0,0,0,0,0,80,73.26,582.21,8.01,19.16,15.15,60.01,0.97,100.75,0.02,859.54,75,97,100,00029
07326,08/01/2021,19:16,56,17,7,2,0,0,0,0,0,82,73.27,597.21,8.01,19.31,15.15,60.01,0.97,100.75,0.02,874.70,75,97,100,00030
07327,08/01/2021,19:31,55,16,7,2,0,0,0,0,0,81,73.28,612.21,8.01,19.46,15.15,60.01,0.97,100.75,0.02,889.86,75,97,100,00031
07328,08/01/2021,19:46,55,15,7,2,0,0,0,0,0,78,73.29,627.21,8.01,20.01,15.15,60.01,0.97,100.75,0.02,905.42,75,97,100,00032
07329,08/01/2021,20:01,57,15,7,2,0,0,0,0,0,80,73.30,642.21,8.01,20.16,15.15,60.01,0.97,100.75,0.02,920.58,75,97,100,00033
07330,08/01/2021,20:16,54,16,7,1,0,0,0,0,0,78,73.31,657.21,8.01,20.31,15.15,60.01,0.97,100.75,0.02,935.74,75,97,100,00034
07331,08/01/2021,20:31,59,15,7,2,0,0,0,0,0,82,73.32,672.21,8.01,20.46,15.15,60.01,0.97,100.75,0.02,950.90,75,97,100,00035
07332,08/01/2021,20:46,58,16,5,2,0,0,0,0,0,81,73.33,687.21,8.01,21.01,15.15,60.01,0.97,100.75,0.02,966.46,75,97,100,00036
07333,08/01/2021,21:01,59,16,6,2,0,0,0,0,0,83,73.34,702.21,8.01,21.16,15.15,60.01,0.97,100.75,0.02,981.62,75,97,100,00037
07334,08/01/2021,21:16,54,18,6,2,0,0,0,0,0,79,73.35,717.21,8.01,21.31,15.15,60.01,0.97,100.75,0.02,996.78,75,97,100,00038
07335,08/01/2021,21:31,55,16,6,2,0,0,0,0,0,79,73.36,732.21,8.01,21.46,15.15,60.01,0.97,100.75,0.02,1011.94,75,97,100,00039
07336,08/01/2021,21:46,58,17,8,1,0,0,0,0,0,84,73.37,747.21,8.01,22.01,15.15,60.01,0.96,100.75,0.02,1027.49,75,97,100,00040
07337,08/01/2021,22:01,57,16,6,1,0,0,0,0,0,81,73.38,762.21,8.01,22.16,15.15,60.01,0.97,100.75,0.02,1042.66,75,96,100,00041
07338,08/01/2021,22:16,57,14,6,2,0,0,0,0,0,79,73.39,777.21,8.01,22.31,15.15,60.01,0.96,100.75,0.02,1057.81,75,97,100,00042
07339,08/01/2021,22:31,58,15,6,2,0,0,0,0,0,80,73.40,792.21,8.01,22.46,15.15,60.01,0.96,100.75,0.02,1072.97,75,96,100,00043
07340,08/01/2021,22:46,60,16,7,2,0,0,0,0,0,85,73.41,807.21,8.01,23.01,15.15,60.01,0.96,100.75,0.02,1088.53,75,96,100,00044
07341,08/01/2021,23:01,57,15,7,3,0,0,0,0,0,80,73.42,822.21,8.01,23.16,15.15,60.01,0.96,100.75,0.02,1103.69,75,96,100,00045
07342,08/01/2021,23:16,60,16,6,2,0,0,0,0,0,84,73.43,837.21,8.01,23.31,15.15,60.01,0.96,100.75,0.02,1118.85,75,96,100,00046
07343,08/01/2021,23:31,63,15,7,2,0,0,0,0,0,86,73.44,852.21,8.01,23.46,15.15,60.01,0.96,100.75,0.02,1134.01,75,96,100,00047
07344,08/01/2021,23:46,62,16,8,2,0,0,0,0,0,87,73.45,867.21,8.02,0.01,15.15,60.01,0.96,100.75,0.02,1125.58,75,96,100,00048
07345,08/02/2021,00:01,62,15,6,2,0,0,0,0,0,85,73.46,882.21,8.02,0.16,15.15,60.01,0.96,100.75,0.02,1140.74,75,96,100,00049
07346,08/02/2021,00:16,61,17,6,2,0,0,0,0,0,86,73.47,897.21,8.02,0.31,15.15,60.01,0.96,100.75,0.02,1155.90,75,96,100,00050
07347,08/02/2021,00:31,62,15,7,2,0,0,0,0,0,87,73.48,912.21,8.02,0.46,15.15,60.01,0.96,100.75,0.02,1171.06,75,96,100,00051
07348,08/02/2021,00:46,62,16,6,1,0,0,0,0,0,85,73.49,927.21,8.02,1.01,15.15,60.01,0.96,100.75,0.02,1186.62,75,96,100,00052
07349,08/02/2021,01:01,105,27,27,4,0,0,0,0,0,163,73.50,943.21,8.02,1.16,15.15,60.01,0.96,100.75,0.02,1202.78,75,96,100,00053
07350,08/02/2021,01:16,102,24,9,3,0,0,0,0,0,138,73.51,958.21,8.02,1.31,15.15,60.01,0.96,100.75,0.02,1217.94,75,96,100,00054
07351,08/02/2021,01:31,54,7,3,1,0,0,0,0,0,65,73.52,973.21,8.02,1.46,15.15,60.01,0.96,100.75,0.02,1233.10,75,96,100,00055
07352,08/02/2021,01:46,38,4,3,0,0,0,0,0,0,46,73.53,988.21,8.02,2.01,15.15,60.01,0.96,100.75,0.02,1248.66,75,96,100,00056
07353,08/02/2021,02:01,29,4,2,0,0,0,0,0,0,36,73.54,1003.21,8.02,2.16,15.15,60.01,0.96,100.75,0.02,1263.82,75,96,100,00057
07354,08/02/2021,02:16,26,3,2,0,0,0,0,0,0,30,73.55,1018.21,8.02,2.31,15.15,60.01,0.96,100.75,0.02,1278.98,75,96,100,00058
07355,08/02/2021,02:31,21,3,1,0,0,0,0,0,0,25,73.56,1033.21,8.02,2.46,15.15,60.01,0.96,100.75,0.02,1294.14,75,96,100,00059
07356,08/02/2021,02:46,19,2,1,0,0,0,0,0,0,22,73.57,1048.21,8.02,3.01,15.15,60.01,0.96,100.75,0.02,1309.70,75,96,100,00060
07357,08/02/2021,03:01,19,2,1,0,0,0,0,0,0,22,73.58,1063.21,8.02,3.16,15.15,60.01,0.96,100.75,0.02,1324.86,75,96,100,00061
07358,08/02/2021,03:16,16,2,1,0,0,0,0,0,0,19,73.59,1078.21,8.02,3.31,15.15,60.01,0.96,100.75,0.02,1340.02,75,96,100,00062
07359,08/02/2021,03:31,16,2,1,0,0,0,0,0,0,19,73.60,1093.21,8.02,3.46,15.15,60.01,0.96,100.75,0.02,1355.18,75,96,100,00063
07360,08/02/2021,03:46,13,2,1,0,0,0,0,0,0,15,73.61,1108.21,8.02,4.01,15.15,60.01,0.96,100.75,0.02,1370.74,75,96,100,00064
07361,08/02/2021,04:01,13,1,1,0,0,0,0,0,0,15,73.62,1123.21,8.02,4.16,15.15,60.01,0.96,100.75,0.02,1385.90,75,96,100,00065
07362,08/02/2021,04:16,13,1,1,0,0,0,0,0,0,15,73.63,1138.21,8.02,4.31,15.15,60.01,0.96,100.75,0.02,1401.06,75,96,100,00066
07363,08/02/2021,04:31,11,2,1,0,0,0,0,0,0,14,73.64,1153.21,8.02,4.46,15.15,60.01,0.96,100.75,0.02,1416.22,75,96,100,00067
07364,08/02/2021,04:46,12,1,0,0,0,0,0,0,0,14,73.65,1168.21,8.02,5.01,15.15,60.01,0.96,100.75,0.02,1431.78,75,96,100,00068
07365,08/02/2021,05:01,12,1,1,0,0,0,0,0,0,14,73.66,1183.21,8.02,5.16,15.15,60.01,0.96,100.75,0.02,1446.94,75,96,100,00069
07366,08/02/2021,05:16,11,1,1,0,0,0,0,0,0,13,73.67,1198.21,8.02,5.31,15.15,60.01,0.96,100.75,0.02,1462.10,75,96,100,00070
07367,08/02/2021,05:31,11,2,0,0,0,0,0,0,0,13,73.68,1213.21,8.02,5.46,15.15,60.01,0.96,100.75,0.02,1477.26,75,96,100,00071
07368,08/02/2021,05:46,11,1,1,0,0,0,0,0,0,13,73.69,1228.21,8.02,6.01,15.15,60.01,0.96,100.75,0.02,1492.82,75,96,100,00072
07369,08/02/2021,06:01,13,1,1,0,0,0,0,0,0,15,73.70,1243.21,8.02,6.16,15.15,60.01,0.96,100.75,0.02,1507.98,75,96,100,00073
07370,08/02/2021,06:16,13,1,0,0,0,0,0,0,0,14,73.71,1258.21,8.02,6.31,15.15,60.01,0.96,100.75,0.02,1523.14,75,96,100,00074
07371,08/02/2021,06:31,11,1,1,0,0,0,0,0,0,12,73.72,1273.21,8.02,6.46,15.15,60.01,0.96,100.75,0.02,1538.30,75,96,100,00075
07372,08/02/2021,06:46,12,1,0,0,0,0,0,0,0,14,73.73,1288.21,8.02,7.01,15.15,60.01,0.96,100.75,0.02,1553.86,75,96,100,00076
07373,08/02/2021,07:01,12,1,0,0,0,0,0,0,0,13,73.74,1303.21,8.02,7.16,15.15,60.01,0.96,100.75,0.02,1569.02,75,96,100,00077
07374,08/02/2021,07:16,12,1,0,0,0,0,0,0,0,13,73.75,1318.21,8.02,7.31,15.15,60.01,0.96,100.75,0.02,1584.18,75,96,100,00078
07375,08/02/2021,07:31,10,1,0,0,0,0,0,0,0,12,73.76,1333.21,8.02,7.46,15.15,60.01,0.96,100.75,0.02,1599.34,75,96,100,00079
07376,08/02/2021,07:46,10,1,0,0,0,0,0,0,0,12,73.77,1348.21,8.02,8.01,15.15,60.01,0.96,100.75,0.02,1614.90,75,96,100,00080
07377,08/02/2021,08:01,11,1,1,1,0,0,0,0,0,13,73.78,1363.21,8.02,8.16,15.15,60.01,0.96,100.75,0.02,1630.06,75,96,100,00081
07378,08/02/2021,08:16,11,1,0,0,0,0,0,0,0,12,73.79,1378.21,8.02,8.31,15.15,60.01,0.96,100.75,0.02,1645.22,75,96,100,00082
07379,08/02/2021,08:31,10,1,0,0,0,0,0,0,0,11,73.80,1393.21,8.02,8.46,15.15,60.01,0.96,100.75,0.02,1660.38,75,96,100,00083
07380,08/02/2021,08:46,10,1,0,0,0,0,0,0,0,11,73.81,1408.21,8.02,9.01,15.15,60.01,0.96,100.75,0.02,1675.94,75,96,100,00084
07381,08/02/2021,09:01,13,1,0,0,0,0,0,0,0,14,73.82,1423.21,8.02,9.16,15.15,60.01,0.96,100.75,0.02,1691.10,75,96,100,00085
07382,08/02/2021,09:16,9,1,0,0,0,0,0,0,0,10,73.83,1438.21,8.02,9.31,15.15,60.01,0.95,100.75,0.02,1706.25,75,96,100,00086
07383,08/02/2021,09:31,12,1,0,0,0,0,0,0,0,14,73.84,1453.21,8.02,9.46,15.15,60.01,0.96,100.75,0.02,1721.42,75,95,100,00087
07384,08/02/2021,09:46,18,1,0,0,0,0,0,0,0,20,73.85,27.21,8.02,10.02,15.15,60.01,0.96,100.75,0.02,295.99,75,96,100,00088
07385,08/02/2021,10:02,21,2,1,0,0,0,0,0,0,24,73.86,42.21,8.02,10.17,15.15,60.01,0.96,100.75,0.02,311.15,75,96,100,00089
07386,08/02/2021,10:17,8,1,0,0,0,0,0,0,0,9,73.87,57.21,8.02,10.32,15.15,60.01,0.96,100.75,0.02,326.31,75,96,100,00090
07387,08/02/2021,10:32,27,2,1,0,0,0,0,0,0,29,73.88,72.21,8.02,10.47,15.15,60.01,0.96,100.75,0.02,341.47,75,96,100,00091
07388,08/02/2021,10:47,14,2,1,0,0,0,0,0,0,16,73.89,87.21,8.02,11.02,15.15,60.01,0.96,100.75,0.02,357.03,75,96,100,00092
07389,08/02/2021,11:02,13,1,0,0,0,0,0,0,0,15,73.90,102.21,8.02,11.17,15.15,60.01,0.96,100.75,0.02,372.19,75,96,100,00093
07390,08/02/2021,11:17,12,1,0,0,0,0,0,0,0,14,73.91,117.21,8.02,11.32,15.15,60.01,0.96,100.75,0.02,387.35,75,96,100,00094
07391,08/02/2021,11:32,12,1,1,0,0,0,0,0,0,14,73.92,132.21,8.02,11.47,15.15,60.01,0.96,100.75,0.02,402.51,75,96,100,00095
07392,08/02/2021,11:47,10,1,1,0,0,0,0,0,0,12,73.93,147.21,8.02,12.02,15.15,60.01,0.96,100.75,0.02,418.07,75,96,100,00096
07393,08/02/2021,12:02,12,1,0,0,0,0,0,0,0,13,73.94,162.21,8.02,12.17,15.15,60.01,0.96,100.75,0.02,433.23,75,96,100,00097
07394,08/02/2021,12:17,12,1,0,0,0,0,0,0,0,14,73.95,177.21,8.02,12.32,15.15,60.01,0.96,100.75,0.02,448.39,75,96,100,00098
07395,08/02/2021,12:32,12,0,0,0,0,0,0,0,0,13,73.96,192.21,8.02,12.47,15.15,60.01,0.96,100.75,0.02,463.55,75,96,100,00099
07396,08/02/2021,12:47,12,1,0,0,0,0,0,0,0,13,73.97,207.21,8.02,13.02,15.15,60.01,0.96,100.75,0.02,479.11,75,96,100,00100
07397,08/02/2021,13:02,13,1,1,0,0,0,0,0,0,16,73.98,222.21,8.02,13.17,15.15,60.01,0.96,100.75,0.02,494.27,75,96,100,00101
07398,08/02/2021,13:17,12,1,1,0,0,0,0,0,0,14,73.99,237.21,8.02,13.32,15.15,60.01,0.96,100.75,0.02,509.43,75,96,100,00102
07399,08/02/2021,13:32,11,1,0,0,0,0,0,0,0,12,74.00,252.21,8.02,13.47,15.15,60.01,0.96,100.75,0.02,524.59,75,96,100,00103
07400,08/02/2021,13:47,12,1,1,0,0,0,0,0,0,14,74.01,267.21,8.02,14.02,15.15,60.01,0.96,100.75,0.02,540.15,75,96,100,00104
07401,08/02/2021,14:02,10,1,0,0,0,0,0,0,0,12,74.02,282.21,8.02,14.17,15.15,60.01,0.96,100.75,0.02,555.31,75,96,100,00105
07402,08/02/2021,14:17,11,1,1,0,0,0,0,0,0,12,74.03,297.21,8.02,14.32,15.15,60.01,0.96,100.75,0.02,570.47,75,96,100,00106
07403,08/02/2021,14:32,11,1,0,0,0,0,0,0,0,12,74.04,312.21,8.02,14.47,15.15,60.01,0.96,100.75,0.02,585.63,75,96,100,00107
07404,08/02/2021,14:47,12,1,0,0,0,0,0,0,0,13,74.05,327.21,8.02,15.02,15.15,60.01,0.96,100.75,0.02,601.19,75,96,100,00108
07405,08/02/2021,15:02,11,1,0,0,0,0,0,0,0,12,74.06,342.21,8.02,15.17,15.15,60.01,0.96,100.75,0.02,616.35,75,96,100,00109
07406,08/02/2021,15:17,10,1,1,0,0,0,0,0,0,12,74.07,357.21,8.02,15.32,15.15,60.01,0.96,100.75,0.02,631.51,75,96,100,00110
07407,08/02/2021,15:32,10,1,1,0,0,0,0,0,0,12,74.08,372.21,8.02,15.47,15.15,60.01,0.96,100.75,0.02,646.67,75,96,100,00111
07408,08/02/2021,15:47,9,1,1,0,0,0,0,0,0,11,74.09,387.21,8.02,16.02,15.15,60.01,0.96,100.75,0.02,662.23,75,96,100,00112
07409,08/02/2021,16:02,9,1,0,0,0,0,0,0,0,11,74.10,403.21,8.02,16.17,15.15,60.01,0.96,100.75,0.02,678.39,75,96,100,00113
07410,08/02/2021,16:17,11,1,0,0,0,0,0,0,0,13,74.11,418.21,8.02,16.32,15.15,60.01,0.96,100.75,0.02,693.55,75,96,100,00114
07411,08/02/2021,16:32,11,1,0,0,0,0,0,0,0,12,74.12,433.21,8.02,16.47,15.15,60.01,0.96,100.75,0.02,708.71,75,96,100,00115
07412,08/02/2021,16:47,10,1,0,0,0,0,0,0,0,12,74.13,448.21,8.02,17.02,15.15,60.01,0.96,100.75,0.02,724.27,75,96,100,00116
07413,08/02/2021,17:02,11,1,0,0,0,0,0,0,0,12,74.14,463.21,8.02,17.17,15.15,60.01,0.96,100.75,0.02,739.43,75,96,100,00117
07414,08/02/2021,17:17,10,1,0,0,0,0,0,0,0,11,74.15,478.21,8.02,17.32,15.15,60.01,0.96,100.75,0.02,754.59,75,96,100,00118
07415,08/02/2021,17:32,9,1,1,0,0,0,0,0,0,10,74.16,493.21,8.02,17.47,15.15,60.01,0.96,100.75,0.02,769.75,75,96,100,00119
07416,08/02/2021,17:47,11,1,0,0,0,0,0,0,0,12,74.17,508.21,8.02,18.02,15.15,60.01,0.96,100.75,0.02,785.31,75,96,100,00120
07417,08/02/2021,18:02,10,1,0,0,0,0,0,0,0,11,74.18,523.21,8.02,18.17,15.15,60.01,0.96,100.75,0.02,800.47,75,96,100,00121
07418,08/02/2021,18:17,10,1,0,0,0,0,0,0,0,11,74.19,538.21,8.02,18.32,15.15,60.01,0.96,100.75,0.02,815.63,75,96,100,00122
07419,08/02/2021,18:32,10,1,1,0,0,0,0,0,0,11,74.20,553.21,8.02,18.47,15.15,60.01,0.96,100.75,0.02,830.79,75,96,100,00123
07420,08/02/2021,18:47,9,0,1,0,0,0,0,0,0,11,74.21,568.21,8.02,19.02,15.15,60.01,0.96,100.75,0.02,846.35,75,96,100,00124
07421,08/02/2021,19:02,10,1,0,0,0,0,0,0,0,11,74.22,583.21,8.02,19.17,15.15,60.01,0.96,100.75,0.02,861.51,75,96,100,00125
07422,08/02/2021,19:17,9,1,0,0,0,0,0,0,0,11,74.23,598.21,8.02,19.32,15.15,60.01,0.96,100.75,0.02,876.67,75,96,100,00126
07423,08/02/2021,19:32,8,1,1,0,0,0,0,0,0,10,74.24,613.21,8.02,19.47,15.15,60.01,0.96,100.75,0.02,891.83,75,96,100,00127
07424,08/02/2021,19:47,8,1,0,0,0,0,0,0,0,9,74.25,628.21,8.02,20.02,15.15,60.01,0.96,100.75,0.02,907.39,75,96,100,00128
07425,08/02/2021,20:02,9,1,0,0,0,0,0,0,0,11,74.26,643.21,8.02,20.17,15.15,60.01,0.96,100.75,0.02,922.55,75,96,100,00129
07426,08/02/2021,20:17,10,1,0,0,0,0,0,0,0,11,74.27,658.21,8.02,20.32,15.15,60.01,0.96,100.75,0.02,937.71,75,96,100,00130
07427,08/02/2021,20:32,9,1,0,0,0,0,0,0,0,10,74.28,673.21,8.02,20.47,15.15,60.01,0.96,100.75,0.02,952.87,75,96,100,00131
07428,08/02/2021,20:47,10,0,1,0,0,0,0,0,0,11,74.29,688.21,8.02,21.02,15.15,60.01,0.96,100.75,0.02,968.43,75,96,100,00132
07429,08/02/2021,21:02,9,0,0,0,0,0,0,0,0,10,74.30,703.21,8.02,21.17,15.15,60.01,0.96,100.75,0.02,983.59,75,96,100,00133
07430,08/02/2021,21:17,8,1,0,0,0,0,0,0,0,10,74.31,718.21,8.02,21.32,15.15,60.01,0.96,100.75,0.02,998.75,75,96,100,00134
07431,08/02/2021,21:32,8,1,1,0,0,0,0,0,0,10,74.32,733.21,8.02,21.47,15.15,60.01,0.96,100.75,0.02,1013.91,75,96,100,00135
07432,08/02/2021,21:47,9,1,0,1,0,0,0,0,0,11,74.33,748.21,8.02,22.02,15.15,60.01,0.96,100.75,0.02,1029.47,75,96,100,00136
07433,08/02/2021,22:02,8,0,0,0,0,0,0,0,0,9,74.34,763.21,8.02,22.17,15.15,60.01,0.96,100.75,0.02,1044.63,75,96,100,00137
07434,08/02/2021,22:17,8,1,0,1,0,0,0,0,0,9,74.35,778.21,8.02,22.32,15.15,60.01,0.96,100.75,0.02,1059.79,75,96,100,00138
07435,08/02/2021,22:32,8,1,1,0,0,0,0,0,0,11,74.36,793.21,8.02,22.47,15.15,60.01,0.96,100.75,0.02,1074.95,75,96,100,00139
07436,08/02/2021,22:47,9,0,1,0,0,0,0,0,0,10,74.37,808.21,8.02,23.02,15.15,60.01,0.96,100.75,0.02,1090.51,75,96,100,00140
07437,08/02/2021,23:02,9,1,1,0,0,0,0,0,0,11,74.38,823.21,8.02,23.17,15.15,60.01,0.96,100.75,0.02,1105.67,75,96,100,00141
07438,08/02/2021,23:17,8,1,0,1,0,0,0,0,0,10,74.39,838.21,8.02,23.32,15.15,60.01,0.96,100.75,0.02,1120.83,75,96,100,00142
07439,08/02/2021,23:32,8,1,0,0,0,0,0,0,0,9,74.40,853.21,8.02,23.47,15.15,60.01,0.96,100.75,0.02,1135.99,75,96,100,00143
07440,08/02/2021,23:47,9,1,0,0,0,0,0,0,0,11,74.41,868.21,8.03,0.02,15.15,60.01,0.96,100.75,0.02,1127.56,75,96,100,00144
07441,08/03/2021,00:02,8,1,0,0,0,0,0,0,0,9,74.42,883.21,8.03,0.17,15.15,60.01,0.96,100.75,0.02,1142.72,75,96,100,00145
07442,08/03/2021,00:17,7,1,0,0,0,0,0,0,0,9,74.43,898.21,8.03,0.32,15.15,60.01,0.96,100.75,0.02,1157.88,75,96,100,00146
07443,08/03/2021,00:32,7,1,0,0,0,0,0,0,0,8,74.44,913.21,8.03,0.48,15.15,60.01,0.96,100.75,0.02,1173.05,75,96,100,00147
07444,08/03/2021,00:48,8,0,1,1,0,0,0,0,0,10,74.45,928.21,8.03,1.03,15.15,60.01,0.96,100.75,0.02,1188.61,75,96,100,00148
07445,08/03/2021,01:03,24,5,1,1,0,0,0,0,0,32,74.46,943.21,8.03,1.18,15.15,60.01,0.96,100.75,0.02,1203.77,75,96,100,00149
07446,08/03/2021,01:18,38,5,3,1,0,0,0,0,0,46,74.47,958.21,8.03,1.33,15.15,60.01,0.97,100.75,0.02,1218.94,75,96,100,00150
07447,08/03/2021,01:33,13,2,2,1,0,0,0,0,0,18,74.48,973.21,8.03,1.48,15.15,60.01,0.97,100.75,0.02,1234.10,75,97,100,00151
07448,08/03/2021,01:48,13,1,1,1,0,0,0,0,0,16,74.49,988.21,8.03,2.03,15.15,60.01,0.97,100.75,0.02,1249.66,75,97,100,00152
07449,08/03/2021,02:03,14,1,1,0,0,0,0,0,0,16,74.50,1003.21,8.03,2.18,15.15,60.01,0.97,100.75,0.02,1264.82,75,97,100,00153
07450,08/03/2021,02:18,13,1,1,1,0,0,0,0,0,16,74.51,1018.21,8.03,2.33,15.15,60.01,0.97,100.75,0.02,1279.98,75,97,100,00154
07451,08/03/2021,02:33,16,1,1,1,0,0,0,0,0,19,74.52,1033.21,8.03,2.48,15.15,60.01,0.97,100.75,0.02,1295.14,75,97,100,00155
07452,08/03/2021,02:48,19,1,1,1,0,0,0,0,0,22,74.53,1048.21,8.03,3.03,15.15,60.01,0.97,100.75,0.02,1310.70,75,97,100,00156
07453,08/03/2021,03:03,18,1,1,2,0,0,0,0,0,22,74.54,1063.21,8.03,3.18,15.15,60.01,0.97,100.75,0.02,1325.86,75,97,100,00157
07454,08/03/2021,03:18,18,1,1,1,0,0,0,0,0,20,74.55,1078.21,8.03,3.33,15.15,60.01,0.97,100.75,0.02,1341.02,75,97,100,00158
07455,08/03/2021,03:33,21,1,1,0,0,0,0,0,0,24,74.56,1093.21,8.03,3.48,15.15,60.01,0.97,100.75,0.02,1356.18,75,97,100,00159
07456,08/03/2021,03:48,20,1,1,1,0,0,0,0,0,22,74.57,1108.21,8.03,4.03,15.15,60.01,0.97,100.75,0.02,1371.74,75,97,100,00160
07457,08/03/2021,04:03,20,2,1,1,0,0,0,0,0,24,74.58,1123.21,8.03,4.18,15.15,60.01,0.97,100.75,0.02,1386.90,75,97,100,00161
07458,08/03/2021,04:18,18,1,1,1,0,0,0,0,0,21,74.59,1138.21,8.03,4.33,15.15,60.01,0.97,100.75,0.02,1402.06,75,97,100,00162
07459,08/03/2021,04:33,18,1,0,1,0,0,0,0,0,20,74.60,1153.21,8.03,4.48,15.15,60.01,0.97,100.75,0.02,1417.22,75,97,100,00163
07460,08/03/2021,04:48,18,1,1,1,0,0,0,0,0,21,74.61,1168.21,8.03,5.03,15.15,60.01,0.97,100.75,0.02,1432.78,75,97,100,00164
07461,08/03/2021,05:03,19,1,1,1,0,0,0,0,0,22,74.62,1183.21,8.03,5.18,15.15,60.01,0.97,100.75,0.02,1447.94,75,97,100,00165
07462,08/03/2021,05:18,18,1,1,1,0,0,0,0,0,20,74.63,1198.21,8.03,5.33,15.15,60.01,0.97,100.75,0.02,1463.10,75,97,100,00166
07463,08/03/2021,05:33,16,1,1,1,0,0,0,0,0,19,74.64,1213.21,8.03,5.48,15.15,60.01,0.97,100.75,0.02,1478.26,75,97,100,00167
07464,08/03/2021,05:48,14,1,1,1,0,0,0,0,0,17,74.65,1228.21,8.03,6.03,15.15,60.01,0.97,100.75,0.02,1493.82,75,97,100,00168
07465,08/03/2021,06:03,14,1,1,1,0,0,0,0,0,16,74.66,1243.21,8.03,6.18,15.15,60.01,0.97,100.75,0.02,1508.98,75,97,100,00169
07466,08/03/2021,06:18,16,1,1,1,0,0,0,0,0,19,74.67,1258.21,8.03,6.33,15.15,60.01,0.97,100.75,0.02,1524.14,75,97,100,00170
07467,08/03/2021,06:33,14,2,1,1,0,0,0,0,0,17,74.68,1273.21,8.03,6.48,15.15,60.01,0.97,100.75,0.02,1539.30,75,97,100,00171
07468,08/03/2021,06:48,14,1,1,1,0,0,0,0,0,17,74.69,1289.21,8.03,7.03,15.15,60.01,0.97,100.75,0.02,1555.86,75,97,100,00172
07469,08/03/2021,07:03,14,1,1,1,0,0,0,0,0,17,74.70,1304.21,8.03,7.18,15.15,60.01,0.97,100.75,0.02,1571.02,75,97,100,00173
07470,08/03/2021,07:18,13,2,1,1,0,0,0,0,0,16,74.71,1319.21,8.03,7.33,15.15,60.01,0.97,100.75,0.02,1586.18,75,97,100,00174
07471,08/03/2021,07:33,11,1,1,1,0,0,0,0,0,13,74.72,1334.21,8.03,7.48,15.15,60.01,0.97,100.75,0.02,1601.34,75,97,100,00175
07472,08/03/2021,07:48,15,1,1,1,0,0,0,0,0,17,74.73,1349.21,8.03,8.03,15.15,60.01,0.97,100.75,0.02,1616.90,75,97,100,00176
07473,08/03/2021,08:03,11,1,0,1,0,0,0,0,0,14,74.74,1364.21,8.03,8.18,15.15,60.01,0.97,100.75,0.02,1632.06,75,97,100,00177
07474,08/03/2021,08:18,11,1,1,1,0,0,0,0,0,14,74.75,1379.21,8.03,8.33,15.15,60.01,0.97,100.75,0.02,1647.22,75,97,100,00178
07475,08/03/2021,08:33,10,2,1,1,0,0,0,0,0,14,74.76,1394.21,8.03,8.48,15.15,60.01,0.97,100.75,0.02,1662.38,75,97,100,00179
07476,08/03/2021,08:48,10,1,1,1,0,0,0,0,0,13,74.77,1409.21,8.03,9.03,15.15,60.01,0.97,100.75,0.02,1677.94,75,97,100,00180
07477,08/03/2021,09:03,11,1,1,0,0,0,0,0,0,14,74.78,1424.21,8.03,9.18,15.15,60.01,0.97,100.75,0.02,1693.10,75,97,100,00181
07478,08/03/2021,09:18,10,1,1,1,0,0,0,0,0,13,74.79,1439.21,8.03,9.33,15.15,60.01,0.97,100.75,0.02,1708.26,75,97,100,00182
07479,08/03/2021,09:33,10,1,1,1,0,0,0,0,0,13,74.80,1454.21,8.03,9.48,15.15,60.01,0.97,100.75,0.02,1723.42,75,97,100,00183
07480,08/03/2021,09:48,9,1,0,1,0,0,0,0,0,11,74.81,28.21,8.03,10.03,15.15,60.01,0.97,100.75,0.02,297.98,75,97,100,00184
07481,08/03/2021,10:03,10,1,1,1,0,0,0,0,0,12,74.82,43.21,8.03,10.18,15.15,60.01,0.97,100.75,0.02,313.14,75,97,100,00185
07482,08/03/2021,10:18,9,1,1,1,0,0,0,0,0,11,74.83,58.21,8.03,10.33,15.15,60.01,0.97,100.75,0.02,328.30,75,97,100,00186
07483,08/03/2021,10:33,10,1,1,1,0,0,0,0,0,12,74.84,73.21,8.03,10.48,15.15,60.01,0.97,100.75,0.02,343.46,75,97,100,00187
07484,08/03/2021,10:48,9,1,1,0,0,0,0,0,0,11,74.85,88.21,8.03,11.03,15.15,60.01,0.97,100.75,0.02,359.02,75,97,100,00188
07485,08/03/2021,11:03,10,1,1,1,0,0,0,0,0,13,74.86,103.21,8.03,11.18,15.15,60.01,0.97,100.75,0.02,374.18,75,97,100,00189
07486,08/03/2021,11:18,9,2,1,1,0,0,0,0,0,12,74.87,118.21,8.03,11.33,15.15,60.01,0.97,100.75,0.02,389.34,75,97,100,00190
07487,08/03/2021,11:33,11,1,1,1,0,0,0,0,0,14,74.88,133.21,8.03,11.48,15.15,60.01,0.97,100.75,0.02,404.50,75,97,100,00191
07488,08/03/2021,11:48,8,1,1,1,0,0,0,0,0,11,74.89,148.21,8.03,12.03,15.15,60.01,0.97,100.75,0.02,420.06,75,97,100,00192
07489,08/03/2021,12:03,10,1,1,1,0,0,0,0,0,13,74.90,163.21,8.03,12.18,15.15,60.01,0.97,100.75,0.02,435.22,75,97,100,00193
07490,08/03/2021,12:18,9,1,1,1,0,0,0,0,0,12,74.91,178.21,8.03,12.33,15.15,60.01,0.97,100.75,0.02,450.38,75,97,100,00194
07491,08/03/2021,12:33,8,1,1,0,0,0,0,0,0,10,74.92,193.21,8.03,12.48,15.15,60.01,0.97,100.75,0.02,465.54,75,97,100,00195
07492,08/03/2021,12:48,8,1,1,1,0,0,0,0,0,10,74.93,208.21,8.03,13.03,15.15,60.01,0.97,100.75,0.02,481.10,75,97,100,00196
07493,08/03/2021,13:03,9,1,1,1,0,0,0,0,0,12,74.94,223.21,8.03,13.18,15.15,60.01,0.97,100.75,0.02,496.26,75,97,100,00197
07494,08/03/2021,13:18,10,1,1,1,0,0,0,0,0,13,74.95,238.21,8.03,13.33,15.15,60.01,0.97,100.75,0.02,511.42,75,97,100,00198
07495,08/03/2021,13:33,9,1,1,1,0,0,0,0,0,12,74.96,253.21,8.03,13.48,15.15,60.01,0.97,100.75,0.02,526.58,75,97,100,00199
07496,08/03/2021,13:48,10,1,1,1,0,0,0,0,0,12,74.97,268.21,8.03,14.03,15.15,60.01,0.97,100.75,0.02,542.14,75,97,100,00200
07497,08/03/2021,14:03,11,1,1,1,0,0,0,0,0,14,74.98,283.21,8.03,14.18,15.15,60.01,0.97,100.75,0.02,557.30,75,97,100,00201
07498,08/03/2021,14:18,10,1,1,1,0,0,0,0,0,13,74.99,298.21,8.03,14.33,15.15,60.01,0.97,100.75,0.02,572.46,75,97,100,00202
07499,08/03/2021,14:33,9,1,1,0,0,0,0,0,0,11,75.00,313.21,8.03,14.48,15.15,60.01,0.97,100.75,0.02,587.62,75,97,100,00203
07500,08/03/2021,14:48,10,1,1,0,0,0,0,0,0,12,75.01,328.21,8.03,15.03,15.15,60.01,0.97,100.75,0.02,603.18,75,97,100,00204
07501,08/03/2021,15:03,9,1,1,0,0,0,0,0,0,11,75.02,343.21,8.03,15.18,15.15,60.01,0.97,100.75,0.02,618.34,75,97,100,00205
07502,08/03/2021,15:18,10,2,0,0,0,0,0,0,0,12,75.03,358.21,8.03,15.34,15.15,60.01,0.97,100.75,0.02,633.51,75,97,100,00206
07503,08/03/2021,15:34,10,1,1,1,0,0,0,0,0,12,75.04,373.21,8.03,15.49,15.15,60.01,0.97,100.75,0.02,648.67,75,97,100,00207
07504,08/03/2021,15:49,9,1,0,1,0,0,0,0,0,12,75.05,388.21,8.03,16.04,15.15,60.01,0.97,100.75,0.02,664.23,75,97,100,00208
07505,08/03/2021,16:04,9,1,0,0,0,0,0,0,0,11,75.06,403.21,8.03,16.19,15.15,60.01,0.97,100.75,0.02,679.39,75,97,100,00209
07506,08/03/2021,16:19,9,1,1,1,0,0,0,0,0,11,75.07,418.21,8.03,16.34,15.15,60.01,0.97,100.75,0.02,694.55,75,97,100,00210
07507,08/03/2021,16:34,9,1,1,1,0,0,0,0,0,12,75.08,433.21,8.03,16.49,15.15,60.01,0.97,100.75,0.02,709.71,75,97,100,00211
07508,08/03/2021,16:49,9,1,0,0,0,0,0,0,0,11,75.09,448.21,8.03,17.04,15.15,60.01,0.97,100.75,0.02,725.27,75,97,100,00212
07509,08/03/2021,17:04,8,1,1,1,0,0,0,0,0,10,75.10,463.21,8.03,17.19,15.15,60.01,0.97,100.75,0.02,740.43,75,97,100,00213
07510,08/03/2021,17:19,8,1,0,0,0,0,0,0,0,10,75.11,478.21,8.03,17.34,15.15,60.01,0.97,100.75,0.02,755.59,75,97,100,00214
07511,08/03/2021,17:34,9,1,1,0,0,0,0,0,0,11,75.12,493.21,8.03,17.49,15.15,60.01,0.97,100.75,0.02,770.75,75,97,100,00215
07512,08/03/2021,17:49,8,1,1,0,0,0,0,0,0,10,75.13,508.21,8.03,18.04,15.15,60.01,0.97,100.75,0.02,786.31,75,97,100,00216
07513,08/03/2021,18:04,8,1,0,1,0,0,0,0,0,10,75.14,523.21,8.03,18.19,15.15,60.01,0.97,100.75,0.02,801.47,75,97,100,00217
07514,08/03/2021,18:19,9,1,0,1,0,0,0,0,0,11,75.15,538.21,8.03,18.34,15.15,60.01,0.97,100.75,0.02,816.63,75,97,100,00218
07515,08/03/2021,18:34,8,1,1,0,0,0,0,0,0,10,75.16,553.21,8.03,18.49,15.15,60.01,0.97,100.75,0.02,831.79,75,97,100,00219
07516,08/03/2021,18:49,8,2,1,1,0,0,0,0,0,12,75.17,568.21,8.03,19.04,15.15,60.01,0.97,100.75,0.02,847.35,75,97,100,00220
07517,08/03/2021,19:04,9,1,1,0,0,0,0,0,0,11,75.18,583.21,8.03,19.19,15.15,60.01,0.97,100.75,0.02,862.51,75,97,100,00221
07518,08/03/2021,19:19,10,1,1,0,0,0,0,0,0,11,75.19,598.21,8.03,19.34,15.15,60.01,0.97,100.75,0.02,877.67,75,97,100,00222
07519,08/03/2021,19:34,8,2,1,0,0,0,0,0,0,11,75.20,613.21,8.03,19.49,15.15,60.01,0.97,100.75,0.02,892.83,75,97,100,00223
07520,08/03/2021,19:49,10,1,0,1,0,0,0,0,0,11,75.21,628.21,8.03,20.04,15.15,60.01,0.97,100.75,0.02,908.39,75,97,100,00224
07521,08/03/2021,20:04,9,1,0,0,0,0,0,0,0,11,75.22,643.21,8.03,20.19,15.15,60.01,0.97,100.75,0.02,923.55,75,97,100,00225
07522,08/03/2021,20:19,10,1,1,0,0,0,0,0,0,12,75.23,658.21,8.03,20.34,15.15,60.01,0.97,100.75,0.02,938.71,75,97,100,00226
07523,08/03/2021,20:34,9,1,1,0,0,0,0,0,0,11,75.24,673.21,8.03,20.49,15.15,60.01,0.97,100.75,0.02,953.87,75,97,100,00227
07524,08/03/2021,20:49,10,1,1,0,0,0,0,0,0,12,75.25,688.21,8.03,21.04,15.15,60.01,0.97,100.75,0.02,969.43,75,97,100,00228
07525,08/03/2021,21:04,9,1,1,0,0,0,0,0,0,11,75.26,703.21,8.03,21.19,15.15,60.01,0.97,100.75,0.02,984.59,75,97,100,00229
07526,08/03/2021,21:19,8,1,1,0,0,0,0,0,0,11,75.27,718.21,8.03,21.34,15.15,60.01,0.97,100.75,0.02,999.75,75,97,100,00230
07527,08/03/2021,21:34,8,1,1,0,0,0,0,0,0,10,75.28,733.21,8.03,21.49,15.15,60.01,0.97,100.75,0.02,1014.91,75,97,100,00231
07528,08/03/2021,21:49,9,1,1,1,0,0,0,0,0,11,75.29,749.21,8.03,22.04,15.15,60.01,0.97,100.75,0.02,1031.47,75,97,100,00232
07529,08/03/2021,22:04,8,1,1,0,0,0,0,0,0,10,75.30,764.21,8.03,22.19,15.15,60.01,0.97,100.75,0.02,1046.63,75,97,100,00233
07530,08/03/2021,22:19,7,1,1,0,0,0,0,0,0,9,75.31,779.21,8.03,22.34,15.15,60.01,0.97,100.75,0.02,1061.79,75,97,100,00234
07531,08/03/2021,22:34,9,1,1,0,0,0,0,0,0,11,75.32,794.21,8.03,22.49,15.15,60.01,0.97,100.75,0.02,1076.95,75,97,100,00235
07532,08/03/2021,22:49,11,1,1,0,0,0,0,0,0,13,75.33,809.21,8.03,23.04,15.15,60.01,0.97,100.75,0.02,1092.51,75,97,100,00236
07533,08/03/2021,23:04,9,1,1,0,0,0,0,0,0,11,75.34,824.21,8.03,23.19,15.15,60.01,0.97,100.75,0.02,1107.67,75,97,100,00237
07534,08/03/2021,23:19,9,1,0,0,0,0,0,0,0,11,75.35,839.21,8.03,23.34,15.15,60.01,0.97,100.75,0.02,1122.83,75,97,100,00238
07535,08/03/2021,23:34,10,1,1,0,0,0,0,0,0,12,75.36,854.21,8.03,23.49,15.15,60.01,0.97,100.75,0.02,1137.99,75,97,100,00239
07536,08/03/2021,23:49,8,1,1,0,0,0,0,0,0,10,75.37,869.21,8.04,0.04,15.15,60.01,0.97,100.75,0.02,1129.56,75,97,100,00240
07537,08/04/2021,00:04,8,0,0,0,0,0,0,0,0,10,75.38,884.21,8.04,0.19,15.15,60.01,0.97,100.75,0.02,1144.72,75,97,100,00241
07538,08/04/2021,00:19,9,1,1,0,0,0,0,0,0,10,75.39,899.21,8.04,0.34,15.15,60.01,0.97,100.75,0.02,1159.88,75,97,100,00242
07539,08/04/2021,00:34,9,1,0,0,0,0,0,0,0,11,75.40,914.21,8.04,0.49,15.15,60.01,0.97,100.75,0.02,1175.04,75,97,100,00243
07540,08/04/2021,00:49,10,1,0,0,0,0,0,0,0,12,75.41,929.21,8.04,1.04,15.15,60.01,0.97,100.75,0.02,1190.60,75,97,100,00244
07541,08/04/2021,01:04,8,1,1,0,0,0,0,0,0,10,75.42,944.21,8.04,1.19,15.15,60.01,0.97,100.75,0.02,1205.76,75,97,100,00245
07542,08/04/2021,01:19,8,1,0,0,0,0,0,0,0,10,75.43,959.21,8.04,1.34,15.15,60.01,0.97,100.75,0.02,1220.92,75,97,100,00246
07543,08/04/2021,01:34,9,1,0,0,0,0,0,0,0,12,75.44,974.21,8.04,1.49,15.15,60.01,0.97,100.75,0.02,1236.08,75,97,100,00247
07544,08/04/2021,01:49,9,1,1,1,0,0,0,0,0,11,75.45,989.21,8.04,2.04,15.15,60.01,0.97,100.75,0.02,1251.64,75,97,100,00248
07545,08/04/2021,02:04,10,1,1,0,0,0,0,0,0,12,75.46,1004.21,8.04,2.19,15.15,60.01,0.97,100.75,0.02,1266.80,75,97,100,00249
07546,08/04/2021,02:19,8,2,0,0,0,0,0,0,0,10,75.47,1019.21,8.04,2.34,15.15,60.01,0.97,100.75,0.02,1281.96,75,97,100,00250
07547,08/04/2021,02:34,9,1,0,0,0,0,0,0,0,11,75.48,1034.21,8.04,2.49,15.15,60.01,0.97,100.75,0.02,1297.12,75,97,100,00251
07548,08/04/2021,02:49,11,1,0,0,0,0,0,0,0,12,75.49,1049.21,8.04,3.04,15.15,60.01,0.97,100.75,0.02,1312.68,75,97,100,00252
07549,08/04/2021,03:04,9,1,1,0,0,0,0,0,0,11,75.50,1064.21,8.04,3.19,15.15,60.01,0.97,100.75,0.02,1327.84,75,97,100,00253
07550,08/04/2021,03:19,11,1,0,0,0,0,0,0,0,13,75.51,1079.21,8.04,3.34,15.15,60.01,0.97,100.75,0.02,1343.00,75,97,100,00254
07551,08/04/2021,03:34,8,1,0,0,0,0,0,0,0,9,75.52,1094.21,8.04,3.49,15.15,60.01,0.97,100.75,0.02,1358.16,75,97,100,00255
07552,08/04/2021,03:49,10,1,0,0,0,0,0,0,0,12,75.53,1109.21,8.04,4.04,15.15,60.01,0.97,100.75,0.02,1373.72,75,97,100,00256
07553,08/04/2021,04:04,9,1,0,0,0,0,0,0,0,10,75.54,1124.21,8.04,4.19,15.15,60.01,0.97,100.75,0.02,1388.88,75,97,100,00257
07554,08/04/2021,04:19,11,1,0,1,0,0,0,0,0,13,75.55,1139.21,8.04,4.34,15.15,60.01,0.97,100.75,0.02,1404.04,75,97,100,00258
07555,08/04/2021,04:34,9,1,0,0,0,0,0,0,0,10,75.56,1154.21,8.04,4.49,15.15,60.01,0.97,100.75,0.02,1419.20,75,97,100,00259
07556,08/04/2021,04:49,9,1,0,0,0,0,0,0,0,11,75.57,1169.21,8.04,5.04,15.15,60.01,0.97,100.75,0.02,1434.76,75,97,100,00260
07557,08/04/2021,05:04,10,1,0,0,0,0,0,0,0,12,75.58,1184.21,8.04,5.19,15.15,60.01,0.97,100.75,0.02,1449.92,75,97,100,00261
07558,08/04/2021,05:19,9,1,1,0,0,0,0,0,0,10,75.59,1199.21,8.04,5.34,15.15,60.01,0.97,100.75,0.02,1465.08,75,97,100,00262
07559,08/04/2021,05:34,8,1,1,1,0,0,0,0,0,10,75.60,1214.21,8.04,5.49,15.15,60.01,0.97,100.75,0.02,1480.24,75,97,100,00263
07560,08/04/2021,05:49,10,1,1,0,0,0,0,0,0,12,75.61,1229.21,8.04,6.04,15.15,60.01,0.97,100.75,0.02,1495.80,75,97,100,00264
07561,08/04/2021,06:04,10,1,0,0,0,0,0,0,0,12,75.62,1244.21,8.04,6.20,15.15,60.01,0.97,100.75,0.02,1510.97,75,97,100,00265
07562,08/04/2021,06:20,9,1,0,0,0,0,0,0,0,11,75.63,1259.21,8.04,6.35,15.15,60.01,0.97,100.75,0.02,1526.13,75,97,100,00266
07563,08/04/2021,06:35,9,1,0,0,0,0,0,0,0,11,75.64,1274.21,8.04,6.50,15.15,60.01,0.97,100.75,0.02,1541.29,75,97,100,00267
07564,08/04/2021,06:50,9,1,1,0,0,0,0,0,0,11,75.65,1289.21,8.04,7.05,15.15,60.01,0.97,100.75,0.02,1556.85,75,97,100,00268
07565,08/04/2021,07:05,9,1,0,0,0,0,0,0,0,10,75.66,1304.21,8.04,7.20,15.15,60.01,0.97,100.75,0.02,1572.01,75,97,100,00269
07566,08/04/2021,07:20,10,2,1,0,0,0,0,0,0,13,75.67,1319.21,8.04,7.35,15.15,60.01,0.97,100.75,0.02,1587.17,75,97,100,00270
07567,08/04/2021,07:35,10,1,0,0,0,0,0,0,0,11,75.68,1334.21,8.04,7.50,15.15,60.01,0.97,100.75,0.02,1602.33,75,97,100,00271
07568,08/04/2021,07:50,9,1,0,0,0,0,0,0,0,11,75.69,1349.21,8.04,8.05,15.15,60.01,0.97,100.75,0.02,1617.89,75,97,100,00272
07569,08/04/2021,08:05,11,1,1,0,0,0,0,0,0,13,75.70,1364.21,8.04,8.20,15.15,60.01,0.97,100.75,0.02,1633.05,75,97,100,00273
07570,08/04/2021,08:20,11,1,0,0,0,0,0,0,0,12,75.71,1379.21,8.04,8.35,15.15,60.01,0.97,100.75,0.02,1648.21,75,97,100,00274
07571,08/04/2021,08:35,10,1,0,0,0,0,0,0,0,11,75.72,1394.21,8.04,8.50,15.15,60.01,0.97,100.75,0.02,1663.37,75,97,100,00275
07572,08/04/2021,08:50,10,1,1,0,0,0,0,0,0,13,75.73,1409.21,8.04,9.05,15.15,60.01,0.97,100.75,0.02,1678.93,75,97,100,00276
07573,08/04/2021,09:05,11,1,0,0,0,0,0,0,0,12,75.74,1424.21,8.04,9.20,15.15,60.01,0.97,100.75,0.02,1694.09,75,97,100,00277
07574,08/04/2021,09:20,11,1,1,0,0,0,0,0,0,13,75.75,1439.21,8.04,9.35,15.15,60.01,0.97,100.75,0.02,1709.25,75,97,100,00278
07575,08/04/2021,09:35,9,0,0,0,0,0,0,0,0,10,75.76,1454.21,8.04,9.50,15.15,60.01,0.97,100.75,0.02,1724.41,75,97,100,00279
07576,08/04/2021,09:50,10,1,0,0,0,0,0,0,0,11,75.77,28.21,8.04,10.05,15.15,60.01,0.97,100.75,0.02,298.97,75,97,100,00280
07577,08/04/2021,10:05,10,1,1,0,0,0,0,0,0,12,75.78,43.21,8.04,10.20,15.15,60.01,0.97,100.75,0.02,314.13,75,97,100,00281
07578,08/04/2021,10:20,9,1,1,0,0,0,0,0,0,11,75.79,58.21,8.04,10.35,15.15,60.01,0.97,100.75,0.02,329.29,75,97,100,00282
07579,08/04/2021,10:35,10,1,1,0,0,0,0,0,0,12,75.80,73.21,8.04,10.50,15.15,60.01,0.97,100.75,0.02,344.45,75,97,100,00283
07580,08/04/2021,10:50,11,1,0,0,0,0,0,0,0,12,75.81,88.21,8.04,11.05,15.15,60.01,0.97,100.75,0.02,360.01,75,97,100,00284
07581,08/04/2021,11:05,10,1,0,0,0,0,0,0,0,11,75.82,103.21,8.04,11.20,15.15,60.01,0.97,100.75,0.02,375.17,75,97,100,00285
07582,08/04/2021,11:20,11,1,0,0,0,0,0,0,0,12,75.83,116.21,8.04,11.35,15.15,60.01,0.97,100.75,0.02,388.33,75,97,100,00286
07583,08/04/2021,11:35,820,228,153,121,44,9,3,0,0,1378,75.84,131.21,8.04,12.02,15.15,60.01,0.97,100.75,0.02,404.01,75,97,100,00287
07584,08/04/2021,12:02,14,1,0,0,0,0,0,0,0,15,75.85,146.21,8.04,12.17,15.15,60.01,0.96,100.75,0.02,419.16,75,97,100,00288
07585,08/04/2021,12:17,10,1,1,0,0,0,0,0,0,12,75.86,161.21,8.04,12.32,15.15,60.01,0.96,100.75,0.02,434.32,75,96,100,00289
07586,08/04/2021,12:32,11,0,1,0,0,0,0,0,0,12,75.87,176.21,8.04,12.47,15.15,60.01,0.96,100.75,0.02,449.48,75,96,100,00290
07587,08/04/2021,12:47,10,1,0,0,0,0,0,0,0,12,75.88,191.21,8.04,13.02,15.15,60.01,0.96,100.75,0.02,465.04,75,96,100,00291
